{
  "diseases": {
    "Drug Reaction": "Réaction médicamenteuse",
    "Allergy": "Allergie",
    "Hypertension": "Hypertension",
    "Heart attack": "Crise cardiaque",
    "Psoriasis": "Psoriasis",
    "Chicken pox": "Varicelle",
    "Acne": "Acné",
    "Impetigo": "Impétigo",
    "Fungal infection": "Infection fongique",
    "Hypothyroidism": "Hypothyroïdie",
    "Diabetes": "Diabète",
    "Hypoglycemia": "Hypoglycémie",
    "Hyperthyroidism": "Hyperthyroïdie",
    "GERD": "Reflux gastro-œsophagien",
    "Peptic ulcer diseae": "Ulcère peptique",
    "Jaundice": "Jaunisse",
    "Dimorphic hemmorhoids(piles)": "Hémorroïdes dimorphiques",
    "Gastroenteritis": "Gastro-entérite",
    "Urinary tract infection": "Infection urinaire",
    "Chronic cholestasis": "Cholestase chronique",
    "hepatitis A": "Hépatite A",
    "Hepatitis B": "Hépatite B",
    "Hepatitis C": "Hépatite C",
    "Hepatitis E": "Hépatite E",
    "Hepatitis D": "Hépatite D",
    "Alcoholic hepatitis": "Hépatite alcoolique",
    "Malaria": "Paludisme",
    "Dengue": "Dengue",
    "Migraine": "Migraine",
    "Cervical spondylosis": "Spondylose cervicale",
    "Paralysis (brain hemorrhage)": "Paralysie (hémorragie cérébrale)",
    "AIDS": "SIDA",
    "(vertigo) Paroymsal  Positional Vertigo": "Vertige positionnel paroxystique",
    "Common Cold": "Rhume",
    "Typhoid": "Typhoïde",
    "Varicose veins": "Varices",
    "Bronchial Asthma": "Asthme bronchique",
    "Pneumonia": "Pneumonie",
    "Osteoarthristis": "Ostéoarthrite",
    "Arthritis": "Arthrite",
    "Tuberculosis": "Tuberculose"
  },
  "specialists": {
    "Allergist": "Allergologue",
    "Cardiologist": "Cardiologue",
    "Dermatologist": "Dermatologue",
    "Endocrinologist": "Endocrinologue",
    "Gastroenterologist": "Gastro-entérologue",
    "Gynecologist": "Gynécologue",
    "Hepatologist": "Hépatologue",
    "hepatologist": "Hépatologue",
    "Internal Medcine": "Médecine interne",
    "Neurologist": "Neurologue",
    "Osteopathic": "Ostéopathe",
    "Otolaryngologist": "Oto-rhino-laryngologiste",
    "Pediatrician": "Pédiatre",
    "Phlebologist": "Phlébologue",
    "Pulmonologist": "Pneumologue",
    "Rheumatologists": "Rhumatologue",
    "Tuberculosis": "Spécialiste en tuberculose"
  }
}
